row,col,sample,seq1,seq2
A,1,6243x6180 F8 rep2,TAGAGTTGGA,GAACAATTCC
B,1,9413x8423 F8 rep2,AGAGCACTAG,TGTGGTCCGG
C,1,9404x9390 F8 rep2,ACTCTACAGG,CTTCTAAGTC
D,1,1257x8334 F8 rep2,CGGTGACACC,AATATTGCCA
E,1,6017x9392 F8 rep1,GCGTTGGTAT,TCGTGCATTC
F,1,5865x8426 F8 rep2,TGTGCTAACA,AAGATACACG
G,1,1062x6108 F8 rep2,CCAGAAGTAA,TGCAATGAAT
H,1,6039x5835 F8 rep1,CTTATACCTG,CTATGAAGGA
A,2,8230x6195 F8 rep1,ACTAGAACTT,GAAGACTAGA
B,2,1063x1435 F8 rep2,TTAGGCTTAC,AGGAGTCGAG
C,2,9412x6024 F8 rep2,TATCATGAGA,TTCACTCACT
D,2,6041x6153 F8 rep1,CTCACACAAG,GGTCCGCTTC
E,2,9321x6189 F8 rep2,GAATTGAGTG,CAACGAGAGC
F,2,8230x6195 F8 rep2,CGGATTATAT,ATTGAGGTCC
G,2,8231x8386 F8 rep1,TTGAAGCAGA,GGAGAGACTC
H,2,6195x1074 F8 rep2,TACGGCGAAG,CCGCTCCGTT
A,3,9413x8423 F8 rep1,TCTCCATTGA,ATACATCACA
B,3,6243x6180 F8 rep1,CGAGACCAAG,TAGGTATGTT
C,3,9343x8259 F8 rep2,TGCTGGACAT,CACCTAGCAC
D,3,8222x6243 F8 rep2,GATGGTATCG,TTCAAGTATG
E,3,1435x6240 F8 rep2,GGCTTAATTG,TTAAGACAAG
F,3,6197x6127 F8 rep1,CTCGACTCCT,CACCTCTCTT
G,3,8426x6193 F8 rep2,ATACACAGAG,TTCTCGTGCA
H,3,6189x6220 F8 rep1,TCTCGGACGA,GCTAGGAAGT
A,4,8256x8376 F8 rep1,ACCACGTCTG,TTAATAGCAC
B,4,8283x9471 F8 rep2,GTTGTACTCA,CATTCACGCT
C,4,8283x9471 F8 rep1,TCAGGTCAAC,GGCACTAAGG
D,4,8258x6115 F8 rep2,AGTCCGAGGA,ATTCGGTACA
E,4,8387x6238 F8 rep1,CACTTAATCT,ACTAATCTCC
F,4,5829x9336 F8 rep2,TACTCTGTTA,TGTGTTAGTA
G,4,9380x1063 F8 rep1,GCGACTCGAT,CAACGACCTA
H,4,5829x9336 F8 rep1,CTAGGCAAGG,CGGTCGGCAT
A,5,6017x9392 F8 rep2,CCTCTTCGAA,TCGACGCTAG
B,5,6192x1062 F8 rep2,TCATCCTCTT,CTCGTAGGCA
C,5,9404x9390 F8 rep1,GGTAAGATAA,AAGTTCTAGT
D,5,6038x6039 F8 rep2,AACGAGCCAG,CCAAGAGGTG
E,5,5835x9058 F8 rep2,TAGACAATCT,ATATCTGCTT
F,5,6192x1062 F8 rep1,CAATGCTGAA,TGGATCTGGC
G,5,8386x6241 F8 rep1,GTCACGGTGT,TTGAATCCAA
H,5,6105x5829 F8 rep2,GGTGTACAAG,CACGGCTAGT
A,6,6193x6133 F8 rep2,AGGTTGCAGG,GAGCTTGCCG
B,6,9470x6107 F8 rep1,TAATACGGAG,AGCTAGCTTC
C,6,9399x6097 F8 rep1,CGAAGACGCA,CAATCCTTGT
D,6,1367x8256 F8 rep2,ATTGACACAT,CACCTGTTGC
E,6,6193x6133 F8 rep1,CAGCCGATTG,CGTCACCTTG
F,6,1063x1435 F8 rep1,TCTCACGCGT,AATGACTGGT
G,6,8423x8240 F8 rep1,CTCTGACGTG,ATGATTCCGG
H,6,9437x6197 F8 rep2,TCGAATGGAA,TTAGGCTCAA
A,7,6231x6039 F8 rep1,AAGGCCTTGG,TGTAAGGTGG
B,7,9057x9382 F8 rep1,TGAACGCAAC,CAACTGCAAC
C,7,6191x6965 F8 rep1,CCGCTTAGCT,ACATGAGTGA
D,7,8256x8376 F8 rep2,CACCGAGGAA,GCAACCAGTC
E,7,8426x6193 F8 rep1,CGTATAATCA,GAGCGACGAT
F,7,9390x8283 F8 rep2,ATGACAGAAC,CGAACGCACC
G,7,6193x9394 F8 rep2,ATTCATTGCA,TCTTACGCCG
H,7,8386x6241 F8 rep2,TCATGTCCTG,AGCTGATGTC
A,8,1257x8334 F8 rep1,AATTCGATCG,CTGAATTAGT
B,8,6108x6192 F8 rep2,TTCCGACATT,TAAGGAGGAA
C,8,6030x992 F8 rep2,TGGCACGACC,AGCTTACACA
D,8,8241x1137 F8 rep2,GCCACAGCAC,AACCAGCCAC
E,8,6040x6041 F8 rep1,CAGTAGTTGT,CTTAAGTCGA
F,8,8240x6036 F8 rep2,AGCTCTCAAG,GCCTAACGTG
G,8,6138x6122 F8 rep1,TCTGGAATTA,ACTTACTTCA
H,8,6039x5835 F8 rep2,ATTAGTGGAG,CGCATTCCGT
A,9,6189x6220 F8 rep2,GACTATATGT,GATATCACAC
B,9,6030x992 F8 rep1,CGTTCGGAAC,AGCGCTGTGT
C,9,9412x6024 F8 rep1,TCGATACTAG,TCACCGCGCT
D,9,8222x6243 F8 rep1,TACCACAATG,GATAGCCTTG
E,9,9391x5867 F8 rep2,TGGTATACCA,CCTGGACGCA
F,9,8423x8240 F8 rep2,GCTCTCGTTG,TTACGCACCT
G,9,9336x6220 F8 rep1,GTCTCGTGAA,TCGTTGCTGC
H,9,7519x6111 F8 rep2,AAGGCCACCT,CGACAAGGAT
A,10,6128x9413 F8 rep1,CTGTGAGCTA,GTGTACCTTC
B,10,9380x1063 F8 rep2,TCACAGATCG,ACCTGGCCAA
C,10,6974x6198 F8 rep2,AGAAGCCAAT,TGTCTGGCCT
D,10,Aa1xAa2 F8 rep1,ACTGCAGCCG,AGTTAATGCT
E,10,1585x9427 F8 rep2,AACATCTAGT,GGTGAGTAAT
F,10,5865x8426 F8 rep1,CCTTACTATG,TACTCTGCGC
G,10,1367x8256 F8 rep1,GTGGCGAGAC,AGGTATGGCG
H,10,9437x6197 F8 rep1,GCCAGATCCA,TCCAGCCTGC
A,11,6191x6965 F8 rep2,ACACAATATC,GCCATATAAC
B,11,6013x8241 F8 rep1,TGGAGGTAAT,AGTGCGAGTG
C,11,8258x6115 F8 rep1,CCTTCACGTA,CTGAGCCGGT
D,11,8240x6036 F8 rep1,CTATACGCGG,AACGGTCTAT
E,11,8231x8386 F8 rep2,GTTGCAGTTG,GTTGCGTTCA
F,11,8307x9481 F8 rep2,TTATGCGCCT,CTTCAACCAC
G,11,8241x1137 F8 rep1,TCTCAGTACA,TCTATTCAGT
H,11,9421x8256 F8 rep1,AGTATACGGA,CAAGACGTCC
A,12,8259x6217 F8 rep2,ACGCTTGGAC,TGAGTACAAC
B,12,6194x1061 F8 rep2,GGAGTAGATT,CCGCGGTTCT
C,12,6197x6127 F8 rep2,TACACGCTCC,ATTGATACTG
D,12,6194x1061 F8 rep1,TCCGATAGAG,GGATTATGGA
E,12,6173x9383 F8 rep2,CTCAAGGCCG,TGGTTCTCAT
F,12,8334x8231 F8 rep1,CAAGTTCATA,TCAACCACGA
G,12,6046x6191 F8 rep2,AATCCTTAGG,TATGAACTTG
H,12,6105x5829 F8 rep1,GGTGGAATAC,AGTGGTTAAG
